Workbook

Sheet Task Tracker
A1: ID | B1: Workstream | C1: Task | D1: Owner | E1: Start | F1: Due | G1: Status | H1: Priority | I1: Days | J1: Overdue?
A2: T-01 | B2: Discovery | C2: Confirm stakeholders and objectives | D2: PM | E2: 46328 | F2: 46331 | G2: Done | H2: Medium | I2: =F2-E2 -> 3 | J2: =IF(AND(G2<>"Done",F2<TODAY()),"Overdue","")
A3: T-02 | B3: Discovery | C3: Document current inventory process | D3: Business Analyst | E3: 46329 | F3: 46333 | G3: Done | H3: Medium | I3: =F3-E3 -> 4 | J3: =IF(AND(G3<>"Done",F3<TODAY()),"Overdue","")
A4: T-03 | B4: Discovery | C4: Approve scope and success criteria | D4: Sponsor | E4: 46333 | F4: 46335 | G4: Done | H4: High | I4: =F4-E4 -> 2 | J4: =IF(AND(G4<>"Done",F4<TODAY()),"Overdue","")
A5: T-04 | B5: Requirements | C5: Interview store and warehouse users | D5: PM | E5: 46335 | F5: 46339 | G5: Done | H5: Medium | I5: =F5-E5 -> 4 | J5: =IF(AND(G5<>"Done",F5<TODAY()),"Overdue","")
A6: T-05 | B6: Requirements | C6: Define inventory data fields | D6: Analyst | E6: 46337 | F6: 46342 | G6: Done | H6: High | I6: =F6-E6 -> 5 | J6: =IF(AND(G6<>"Done",F6<TODAY()),"Overdue","")
A7: T-06 | B7: Requirements | C7: Review e-commerce integration needs | D7: IT Lead | E7: 46340 | F7: 46345 | G7: In Progress | H7: High | I7: =F7-E7 -> 5 | J7: =IF(AND(G7<>"Done",F7<TODAY()),"Overdue","")
A8: T-07 | B8: Requirements | C8: Sign off requirements | D8: Sponsor | E8: 46345 | F8: 46348 | G8: Not Started | H8: High | I8: =F8-E8 -> 3 | J8: =IF(AND(G8<>"Done",F8<TODAY()),"Overdue","")
A9: T-08 | B9: Configuration | C9: Configure inventory categories | D9: IT Lead | E9: 46347 | F9: 46354 | G9: In Progress | H9: Medium | I9: =F9-E9 -> 7 | J9: =IF(AND(G9<>"Done",F9<TODAY()),"Overdue","")
A10: T-09 | B10: Configuration | C10: Set up stock thresholds and alerts | D10: IT Lead | E10: 46351 | F10: 46357 | G10: Not Started | H10: Medium | I10: =F10-E10 -> 6 | J10: =IF(AND(G10<>"Done",F10<TODAY()),"Overdue","")
A11: T-10 | B11: Configuration | C11: Create sample data migration map | D11: Analyst | E11: 46353 | F11: 46359 | G11: Not Started | H11: High | I11: =F11-E11 -> 6 | J11: =IF(AND(G11<>"Done",F11<TODAY()),"Overdue","")
A12: T-11 | B12: Testing | C12: Draft user acceptance test plan | D12: QA Lead | E12: 46357 | F12: 46361 | G12: Not Started | H12: High | I12: =F12-E12 -> 4 | J12: =IF(AND(G12<>"Done",F12<TODAY()),"Overdue","")
A13: T-12 | B13: Testing | C13: Test receiving and stock adjustment | D13: QA Lead | E13: 46361 | F13: 46367 | G13: Not Started | H13: High | I13: =F13-E13 -> 6 | J13: =IF(AND(G13<>"Done",F13<TODAY()),"Overdue","")
... A19: T-18 | B19: Rollout | C19: Roll out and monitor stabilization | D19: PM | E19: 46384 | F19: 46391 | G19: Not Started | H19: High | I19: =F19-E19 -> 7 | J19: =IF(AND(G19<>"Done",F19<TODAY()),"Overdue","")

Sheet Risk Register
A1: ID | B1: Risk | C1: Likelihood (1-5) | D1: Impact (1-5) | E1: Severity | F1: Owner | G1: Mitigation / Response | H1: Status | I1: Score
A2: R-01 | B2: Inventory data inconsistent across locations | C2: 4 | D2: 4 | E2: High | F2: Analyst | G2: Validate SKU mapping; reconcile pilot sample | H2: Open | I2: =C2*D2 -> 16
A3: R-02 | B3: E-commerce inventory sync delays | C3: 3 | D3: 5 | E3: High | F3: IT Lead | G3: Test integration early; define rollback | H3: Open | I3: =C3*D3 -> 15
A4: R-03 | B4: Store staff adoption lower than expected | C4: 3 | D4: 3 | E4: Medium | F4: Store Manager | G4: Training sessions and quick reference guide | H4: Open | I4: =C4*D4 -> 9
A5: R-04 | B5: Scope changes threaten schedule | C5: 3 | D5: 4 | E5: High | F5: PM | G5: Formal change log and sponsor approval | H5: Open | I5: =C5*D5 -> 12
A6: R-05 | B6: Cutover causes temporary stock inaccuracies | C6: 2 | D6: 5 | E6: High | F6: IT Lead | G6: Backup export; staged pilot and rollback | H6: Mitigating | I6: =C6*D6 -> 10
A7: R-06 | B7: Key stakeholder unavailable for signoff | C7: 2 | D7: 3 | E7: Medium | F7: PM | G7: Book review sessions in advance | H7: Closed | I7: =C7*D7 -> 6

Sheet Milestones
A1: Milestone | B1: Target Date | C1: Owner | D1: Status | E1: Acceptance Criteria
A2: Charter approved | B2: 46335 | C2: Sponsor | D2: Done | E2: Sponsor approves scope and objectives
A3: Requirements signed off | B3: 46348 | C3: Sponsor | D3: Not Started | E3: Requirements and data fields approved
A4: Configuration complete | B4: 46359 | C4: IT Lead | D4: Not Started | E4: Core inventory flows configured
A5: User testing complete | B5: 46376 | C5: QA Lead | D5: Not Started | E5: Critical test cases pass
A6: Pilot approved | B6: 46384 | C6: Sponsor | D6: Not Started | E6: Go/no-go decision recorded
A7: Rollout complete | B7: 46391 | C7: PM | D7: Not Started | E7: Staff trained; monitoring established

Sheet Dashboard
A1: RETAIL INVENTORY SYSTEM ROLLOUT | PROJECT CONTROL CENTER
A3: KPI | B3: Value | D3: Status | E3: Count
A4: Total Tasks | B4: =COUNTA('Task Tracker'!A2:A100) -> 18 | D4: Done | E4: =COUNTIF('Task Tracker'!G2:G100,D4) -> 5
A5: Completed Tasks | B5: =COUNTIF('Task Tracker'!G2:G100,"Done") -> 5 | D5: In Progress | E5: =COUNTIF('Task Tracker'!G2:G100,D5) -> 2
A6: Completion Rate | B6: =IFERROR(B5/B4,0) -> 0.27777778 | D6: Not Started | E6: =COUNTIF('Task Tracker'!G2:G100,D6) -> 11
A7: Blocked Tasks | B7: =COUNTIF('Task Tracker'!G2:G100,"Blocked") -> 0 | D7: Blocked | E7: =COUNTIF('Task Tracker'!G2:G100,D7) -> 0
A8: Open Risks | B8: =COUNTIF('Risk Register'!H2:H100,"Open")+COUNTIF('Risk Register'!H2:H100,"Mitigating") -> 5
A11: Workstream | B11: Tasks
A12: Discovery | B12: =COUNTIF('Task Tracker'!B2:B100,A12) -> 3
A13: Requirements | B13: =COUNTIF('Task Tracker'!B2:B100,A13) -> 4
A14: Configuration | B14: =COUNTIF('Task Tracker'!B2:B100,A14) -> 3
A15: Testing | B15: =COUNTIF('Task Tracker'!B2:B100,A15) -> 4
A16: Rollout | B16: =COUNTIF('Task Tracker'!B2:B100,A16) -> 4
A19: SIMULATED CASE STUDY — edit task statuses and risk records to update metrics.
